ID,Intent,User_Message,Bot_Response
824,photo_selfie,take a picture,I bet it looks amazing!
638,money,no money,Same here! Let's be broke together lol
387,feeling_sad,i just want to cry,"That sounds really tough. Remember, this too shall pass."
416,feeling_happy,feeling blessed,Yay! You deserve all the happiness! ❤️
177,sorry,oops sorry,No problem! It happens.
223,laugh,i cant stop laughing,😂 it's too good!
348,compliment,you're so sweet,Aww thank you so much! 😊
1004,sharing_news,major announcement,I'm listening! Don't keep me waiting! 😱
1033,late_reply,was away from phone,No worries! Better late than never! 😊
294,food,food cravings hitting hard,Let's grab some food! Any preferences?
156,thanks,i appreciate it,Glad I could help!
977,sharing_news,breaking news,I'm listening! Don't keep me waiting! 😱
711,disagreement,wrong,Interesting perspective! Tell me more.
241,ask_plans,free today,"Nothing much, just chilling at home. You?"
748,help_request,i dont know what to do,Sure thing! What's the question?
393,feeling_sad,everything is going wrong,Take a deep breath. I'm here if you need to vent.
815,photo_selfie,take a picture,Love a good photo! Share it!
289,food,dinner time,Let's grab some food! Any preferences?
729,disagreement,i dont think so,"Fair enough, everyone has their opinion!"
600,health_fitness,trying to be healthier,Hope you feel better soon! 🤗
86,how_are_you,everything alright,Pretty good! How about you?
196,laugh,lol,Lmaooo I can't either 😂
833,photo_selfie,look at this sunset pic,Post it! The world needs to see! 🔥
98,goodbye,im leaving,Talk to you soon!
903,birthday_celebration,invited to a party,Let's make it memorable! 🎈
172,sorry,forgive me,No stress! Everything's cool.
653,money,budget tight,Money comes and goes. Don't stress too much!
565,travel,traveling tomorrow,I need a vacation too! Let's plan something!
632,relationship,i miss you,That's so romantic!
308,weather,so cold,The weather has been so unpredictable lately!
350,compliment,you're awesome,"Stop it, you're making me blush!"
212,laugh,LMAOOO,Lol I know right!
502,work_study,deadline approaching,"Take a break, you deserve it!"
743,help_request,i need a favor,Of course! What do you need? 😊
423,feeling_happy,best day ever,I'm so glad to hear that! 😊
870,sports,practice today,Let's gooo! What a win! 🎉
263,food,i am hungry,Let's go out to eat! I know a great place.
224,laugh,bruh 😂,Lmaooo I can't either 😂
144,thanks,thank you for everything,Anytime!
1029,late_reply,phone was on silent,No worries! Better late than never! 😊
971,insult_tease,who asked,"Hey, that's not nice! 😅"
269,food,lets grab food,I just ate but I could eat again lol
935,confusion,what are you talking about,"My bad, let me rephrase that!"
844,sports,cricket,That was an insane game!
261,ask_plans,what are you up to,Working on some stuff. What's up?
934,confusion,come again,"Sorry, let me clarify!"
477,music,any new albums,Let me send you my playlist! You'll love it.
682,agreement,agreed,Glad you think so too!
195,laugh,hahaha,Lol I know right!
15,greeting,hello there,Hello! Nice to hear from you!
1003,sharing_news,plot twist,OMG what?! Tell me everything! 👀
1025,late_reply,internet was down,Haha it's fine! We've all been there!
485,music,whats your favorite song,Music is life! 🎵 What are you in the mood for?
513,work_study,meeting in 5 minutes,"Work hard now, party later! 😎"
880,birthday_celebration,what gift should i get,Party time! Let's celebrate! 🥳
56,how_are_you,how are u,Can't complain! You?
325,weather,the heat is killing me,I love this weather tbh! 😍
765,help_request,can you do me a favor,I'm all ears! What do you need help with?
527,work_study,boss is annoying,I believe in you! You can do it!
332,compliment,looking good,Thank you! You're not so bad yourself 😉
359,compliment,love your style,You're too kind! ❤️
483,music,suggest a song,Music is life! 🎵 What are you in the mood for?
994,sharing_news,omg listen to this,You've got my full attention! Tell me!
42,greeting,hi friend,Hello! How's it going?
582,health_fitness,need more sleep,Take care of yourself! Health comes first! 🏥
338,compliment,you're gorgeous,Thank you! You're not so bad yourself 😉
694,agreement,same,Glad you think so too!
333,compliment,nice pic,Thank you! You're not so bad yourself 😉
133,thanks,thanks so much,No problem at all!
628,relationship,cant live without you,That's exciting! Tell me everything!
399,feeling_happy,i am so happy,That's the spirit! Keep shining! ✨
389,feeling_sad,worst day ever,"I'm sorry you're going through this. It will get better, I promise."
807,photo_selfie,selfie time,Love a good photo! Share it!
615,relationship,had a fight with my partner,Love you more! 😘
315,weather,weather sucks today,I love this weather tbh! 😍
649,money,can i borrow money,Time to start budgeting! 💰
696,agreement,me too,Glad you think so too!
762,help_request,quick question,"Sure, I'm happy to help! What's up?"
740,help_request,help me,Of course! What do you need? 😊
627,relationship,ilu,You're so sweet! ❤️
386,feeling_sad,feeling overwhelmed,Sending you a big hug! 🤗 You're stronger than you think.
733,disagreement,cap,Really? Why do you think so?
968,insult_tease,youre boring,"Hey, that's not nice! 😅"
487,music,listening to any good music,Let me send you my playlist! You'll love it.
1012,late_reply,my bad for replying late,Haha it's fine! We've all been there!
862,sports,going to play,Let's gooo! What a win! 🎉
280,food,have you eaten,I just ate but I could eat again lol
356,compliment,you're awesome,Aww you're so sweet! Thank you!
373,feeling_sad,i cant do this anymore,"Hey, I'm here for you. Want to talk about it? ❤️"
469,music,what are you listening to,I've been listening to some great stuff lately! What genre do you like?
853,sports,scored a goal,What a match that was! 🏏
136,thanks,thanks bro,Happy to help!
100,goodbye,gn,Talk to you soon!
920,confusion,say that again,"Sorry, let me clarify!"
647,money,stock market is crazy,Money comes and goes. Don't stress too much!
428,feeling_happy,i got the job,That's wonderful news! Tell me more!
312,weather,hows the weather,I know right! The weather is crazy today!
444,movie_show,started a new series,Movie night sounds perfect! 🍿
313,weather,is it raining there,I love this weather tbh! 😍
571,health_fitness,feeling sick,Take care of yourself! Health comes first! 🏥
713,disagreement,i dont agree,"Fair enough, everyone has their opinion!"
163,sorry,so sorry,No worries at all!
596,health_fitness,feeling sick,Drink lots of water and rest!
1042,late_reply,phone was on silent,All good! Life happens!
834,photo_selfie,insta worthy,Post it! The world needs to see! 🔥
639,money,need money,Start saving now! Future you will thank you!
88,goodbye,bye,See ya! Stay safe!
843,sports,heartbreaking loss,Let's play! I'm ready! ⚽
678,agreement,absolutely,Exactly! That's what I was thinking!
451,movie_show,started a new series,"Ooh yes! I just watched something great, let me think..."
839,photo_selfie,took a great photo today,Love a good photo! Share it!
974,insult_tease,thats cringe,"Alright alright, I'll behave! 😇"
721,disagreement,cap,"Hmm okay, let's agree to disagree then! 😅"
851,sports,going to play,What a match that was! 🏏
671,agreement,yeah,Awesome! 👍
1041,late_reply,sorry for the late reply,Haha it's fine! We've all been there!
722,disagreement,thats cap,"Fair enough, everyone has their opinion!"
634,relationship,single now,I'm here for you no matter what. ❤️
457,movie_show,that movie was amazing,Netflix has some amazing new stuff! Let me send you some suggestions.
62,how_are_you,how u been,Pretty good! How about you?
335,compliment,you're beautiful,Thank you! You're not so bad yourself 😉
173,sorry,please forgive me,"It's okay, don't worry about it!"
1032,late_reply,was away from phone,It's all good! I understand!
174,sorry,i didnt mean to,"It's fine, really!"
598,health_fitness,started a diet,Hope you feel better soon! 🤗
533,work_study,so much work,"Take a break, you deserve it!"
668,money,budget tight,Money comes and goes. Don't stress too much!
699,agreement,sure,"Great, glad we're on the same page! 😊"
190,sorry,sorry,No worries at all!
966,insult_tease,youre annoying,I'll pretend I didn't see that 😂
142,thanks,thanks for the help,Don't mention it!
716,disagreement,not at all,"Alright, I respect your view!"
169,sorry,sorry for that,"All good, no need to apologize!"
152,thanks,many thanks,You're welcome! Let me know if you need anything else.
757,help_request,quick question,I'm all ears! What do you need help with?
512,work_study,overtime again,Hang in there! You've got this! 💪
640,money,salary when,Same here! Let's be broke together lol
979,sharing_news,guess what,You've got my full attention! Tell me!
531,work_study,have to study,That's amazing! Hard work pays off! 🎉
334,compliment,love your dp,Aww thank you so much! 😊
140,thanks,appreciate it,Glad I could help!
293,food,food cravings hitting hard,Let's go out to eat! I know a great place.
761,help_request,what do you think,Always! Tell me what's going on.
295,food,lets eat,I'm hungry too! Pizza? 🍕
784,gaming,lost the game,GG! Well played! 🏆
470,music,this song is fire,Music is life! 🎵 What are you in the mood for?
746,help_request,what should i do,Always! Tell me what's going on.
602,relationship,i miss you,Love you more! 😘
535,travel,lets go on a trip,That sounds amazing! Tell me more!
407,feeling_happy,yayyy,That's wonderful news! Tell me more!
116,goodbye,gotta run,Talk to you soon!
998,sharing_news,omg listen to this,I'm listening! Don't keep me waiting! 😱
588,health_fitness,started a diet,That's great! Keep it up! 💪
630,relationship,i miss you,That's so romantic!
555,travel,i need a vacation,That sounds amazing! Tell me more!
215,laugh,that killed me,Hahaha glad you liked it!
346,compliment,hottie,Aww thank you so much! 😊
36,greeting,yooo,Hey hey! How are things?
930,confusion,wdym,Okay so here's the thing...
808,photo_selfie,took a great photo today,Post it! The world needs to see! 🔥
85,how_are_you,how have you been,All good here! What's new with you?
695,agreement,same here,Exactly! That's what I was thinking!
453,movie_show,any movie recommendations,Have you tried watching that new show everyone's talking about?
46,greeting,hello dear,Hey! Long time no see!
584,health_fitness,trying to be healthier,Drink lots of water and rest!
546,travel,flight booked,Road trip! Let's do it! 🚗
243,ask_plans,r u free,"Not much, pretty free actually!"
534,travel,i want to travel,Where are you thinking of going? I'm in! 🌍
11,greeting,what's up,Hi! How have you been?
644,money,bills to pay,Time to start budgeting! 💰
732,disagreement,cap,Really? Why do you think so?
608,relationship,love u,You're so sweet! ❤️
988,sharing_news,major announcement,No way! What happened?!
951,insult_tease,i dont care,Ouch! That hurts! Just kidding 😂
322,weather,so hot today,Yeah it's insane! Stay hydrated! 💧
51,greeting,hi everyone,Hey hey! How are things?
706,disagreement,nope,Really? Why do you think so?
383,feeling_sad,im stressed out,Take a deep breath. I'm here if you need to vent.
898,birthday_celebration,we should party,Party time! Let's celebrate! 🥳
919,confusion,come again,Basically what I meant was...
617,relationship,single now,You're so sweet! ❤️
235,ask_plans,what are you up to,Just relaxing. What about you?
522,work_study,too many classes,"Don't stress too much, it'll work out!"
194,laugh,haha,Lol I know right!
796,gaming,esports,GG! Well played! 🏆
357,compliment,love your dp,That made my day! Thanks! 🥰
460,movie_show,what are you watching,Netflix has some amazing new stuff! Let me send you some suggestions.
360,compliment,you're handsome,You're too kind! ❤️
944,insult_tease,pagal,"You don't really mean that, do you? 😜"
171,sorry,sorry man,"It's okay, don't worry about it!"
847,sports,ipl,Sports are the best! Who are you supporting?
446,movie_show,any good shows on netflix,Movie night sounds perfect! 🍿
150,thanks,thanks for your time,No problem at all!
298,weather,the heat is killing me,The weather has been so unpredictable lately!
461,movie_show,i need something to watch,I've been binge watching too lol!
685,agreement,correct,"Great, glad we're on the same page! 😊"
91,goodbye,see ya,Good night! Sleep well! 😊
431,feeling_happy,i am so happy,Yay! You deserve all the happiness! ❤️
500,work_study,so much work,"Take a break, you deserve it!"
63,how_are_you,kaise ho,All good here! What's new with you?
7,greeting,heyyy,Hello! Nice to hear from you!
285,food,feeling like having coffee,I just ate but I could eat again lol
252,ask_plans,what are we doing today,Just binge watching Netflix lol. You?
776,gaming,free fire,GG! Well played! 🏆
948,insult_tease,leave me alone,Ouch! That hurts! Just kidding 😂
542,travel,road trip,Where are you thinking of going? I'm in! 🌍
324,weather,heavy rain,The weather has been so unpredictable lately!
666,money,stock market is crazy,Money comes and goes. Don't stress too much!
394,feeling_sad,feeling lonely,"That sounds really tough. Remember, this too shall pass."
299,weather,so hot today,Ugh tell me about it!
816,photo_selfie,say cheese,Send it! I'm curious!
707,disagreement,no way,"Alright, I respect your view!"
939,confusion,what do you mean,"Sorry, let me clarify!"
532,work_study,failed the test,I believe in you! You can do it!
980,sharing_news,big news,I'm listening! Don't keep me waiting! 😱
585,health_fitness,my back hurts,Hope you feel better soon! 🤗
366,feeling_sad,feeling low,"I'm sorry you're going through this. It will get better, I promise."
891,birthday_celebration,invited to a party,So exciting! Happy celebrations! 🥳
415,feeling_happy,living my best life,That's wonderful news! Tell me more!
108,goodbye,ok bye,Bye! Take care!
176,sorry,oops,No problem! It happens.
937,confusion,what,Basically what I meant was...
905,birthday_celebration,birthday party,Let's make it memorable! 🎈
656,money,bills to pay,Time to start budgeting! 💰
160,sorry,sorry,No worries at all!
652,money,why is everything so expensive,Start saving now! Future you will thank you!
769,help_request,suggest something,Of course! What do you need? 😊
983,sharing_news,plot twist,Spill the tea! I'm all ears! ☕
227,laugh,that killed me,Hahaha glad you liked it!
365,feeling_sad,i am sad,Sending you a big hug! 🤗 You're stronger than you think.
698,agreement,true that,Awesome! 👍
411,feeling_happy,good news,That's the spirit! Keep shining! ✨
560,travel,lets plan a weekend getaway,That sounds amazing! Tell me more!
401,feeling_happy,best day ever,You deserve it! Congratulations! 🥳
718,disagreement,thats not true,"Hmm okay, let's agree to disagree then! 😅"
590,health_fitness,gym motivation,Drink lots of water and rest!
720,disagreement,hard disagree,Let's talk about it more!
1021,late_reply,just saw this,All good! Life happens!
187,sorry,sorry about that,No stress! Everything's cool.
271,food,what should we eat,How about we order biryani? 😋
132,thanks,thanks a lot,No problem at all!
316,weather,perfect weather,The weather has been so unpredictable lately!
60,how_are_you,how's it going,Doing well! How's your day going?
412,feeling_happy,guess what happened,Yay! You deserve all the happiness! ❤️
32,greeting,hiiii,Hi there! What's up?
876,birthday_celebration,birthday party,Happy Birthday! 🎂🎉 Have an amazing day!
162,sorry,i am sorry,"It's fine, really!"
390,feeling_sad,feeling depressed,Take a deep breath. I'm here if you need to vent.
391,feeling_sad,having a bad day,I care about you. Let me know how I can help. ❤️
662,money,lend me some money,Same here! Let's be broke together lol
370,feeling_sad,worst day ever,"Hey, I'm here for you. Want to talk about it? ❤️"
266,food,i need food,Let's go out to eat! I know a great place.
168,sorry,sorry about that,No problem! It happens.
340,compliment,nice outfit,Aww you're so sweet! Thank you!
255,ask_plans,are you free,Working on some stuff. What's up?
829,photo_selfie,group photo,Send it! I'm curious!
686,agreement,TRUE,"Great, glad we're on the same page! 😊"
105,goodbye,take care,Bye bye! Take care of yourself!
462,movie_show,what should i watch,"Ooh yes! I just watched something great, let me think..."
792,gaming,pubg,Nice! What game?
305,weather,beautiful day,I know right! The weather is crazy today!
141,thanks,i appreciate it,You're welcome! Let me know if you need anything else.
400,feeling_happy,feeling great,You deserve it! Congratulations! 🥳
251,ask_plans,anything interesting going on,"Nothing much, just chilling at home. You?"
445,movie_show,which series are you watching,"Ooh yes! I just watched something great, let me think..."
61,how_are_you,how have you been,All good here! What's new with you?
117,goodbye,brb,Good night! Sleep well! 😊
624,relationship,love you,That's so romantic!
510,work_study,need a break from work,I believe in you! You can do it!
878,birthday_celebration,turning 25,Wishing you the best! 🎉❤️
795,gaming,just won a match,GG! Well played! 🏆
484,music,suggest a song,Music is life! 🎵 What are you in the mood for?
65,how_are_you,hows life,"I'm doing great, thanks for asking! What about you?"
421,feeling_happy,im so happy,That's amazing! So happy for you! 🎉
503,work_study,have to study,That's amazing! Hard work pays off! 🎉
742,help_request,can you do me a favor,I'm all ears! What do you need help with?
328,weather,its freezing outside,Perfect weather for staying in bed lol
901,birthday_celebration,turning 25,Let's make it memorable! 🎈
438,movie_show,netflix and chill,I've been binge watching too lol!
766,help_request,guide me,"Sure, I'm happy to help! What's up?"
372,feeling_sad,so stressed,"That sounds really tough. Remember, this too shall pass."
396,feeling_sad,feeling depressed,Sending you a big hug! 🤗 You're stronger than you think.
1010,late_reply,sorry for the late reply,No problem! You're here now!
688,agreement,i agree,Glad you think so too!
805,gaming,free fire,Let's gooo! I'm in! 🎮
64,how_are_you,how's life,Doing well! How's your day going?
303,weather,raining outside,I love this weather tbh! 😍
997,sharing_news,breaking news,I'm listening! Don't keep me waiting! 😱
1001,sharing_news,plot twist,I'm listening! Don't keep me waiting! 😱
34,greeting,hey hey,Yo! What's good?
104,goodbye,bye bye,See ya! Stay safe!
422,feeling_happy,guess what happened,I'm so glad to hear that! 😊
19,greeting,hello bro,Hi there! What's up?
92,goodbye,later,Good night! Sleep well! 😊
755,help_request,what do you think,Always! Tell me what's going on.
683,agreement,exactly,Perfect!
739,help_request,i need help,Of course! What do you need? 😊
654,money,stock market is crazy,I feel you! Money problems are the worst 😩
148,thanks,that means a lot,Anytime!
321,weather,raining outside,The weather has been so unpredictable lately!
906,birthday_celebration,turning 25,So exciting! Happy celebrations! 🥳
955,insult_tease,youre weird,Ouch! That hurts! Just kidding 😂
288,food,what did you have for lunch,I'm hungry too! Pizza? 🍕
575,health_fitness,need to eat healthy,Proud of you for staying healthy!
1005,sharing_news,big news,OMG what?! Tell me everything! 👀
927,confusion,im lost,Okay so here's the thing...
270,food,wanna eat,I just ate but I could eat again lol
264,food,so hungry,Coffee sounds perfect right now ☕
958,insult_tease,thats cringe,"Alright alright, I'll behave! 😇"
29,greeting,hi how are you,Hi! How have you been?
184,sorry,sorry i forgot,No stress! Everything's cool.
704,disagreement,no,Let's talk about it more!
660,money,expensive af,Money comes and goes. Don't stress too much!
741,help_request,help please,Ask away! I'll do my best to help.
1014,late_reply,phone was on silent,It's all good! I understand!
182,sorry,sorry for the delay,Don't worry about it 😊
777,gaming,pubg,GG! Well played! 🏆
327,weather,the heat is killing me,Perfect weather for staying in bed lol
799,gaming,gaming time,Gaming all night let's do it! 🎮🔥
424,feeling_happy,best day ever,You deserve it! Congratulations! 🥳
216,laugh,bruh 😂,😂😂 glad you found that funny!
922,confusion,what are you talking about,Basically what I meant was...
890,birthday_celebration,congrats,So exciting! Happy celebrations! 🥳
125,goodbye,bye for now,Bye! Take care!
130,thanks,ty,Anytime!
192,sorry,my bad,No stress! Everything's cool.
697,agreement,i think so too,Perfect!
245,ask_plans,plans for today,Just relaxing. What about you?
147,thanks,really appreciate it,You're welcome! Let me know if you need anything else.
669,money,i am broke,Money comes and goes. Don't stress too much!
540,travel,i need a vacation,Traveling is the best! Where to next?
244,ask_plans,got any plans,Working on some stuff. What's up?
945,insult_tease,shut up,I'll pretend I didn't see that 😂
10,greeting,wassup,Hey hey! How are things?
781,gaming,what games do you play,Let's gooo! I'm in! 🎮
210,laugh,stop it 😂,😂😂 glad you found that funny!
94,goodbye,talk to you later,Goodbye! Have a great day!
277,food,should we order in,How about we order biryani? 😋
41,greeting,hey friend,Hi! How have you been?
989,sharing_news,newsflash,This better be good! What's the news?
306,weather,lovely weather today,Perfect weather for staying in bed lol
254,ask_plans,what are you up to,Working on some stuff. What's up?
549,travel,wanderlust hitting hard,I need a vacation too! Let's plan something!
913,confusion,can you explain,Basically what I meant was...
895,birthday_celebration,we should party,Congratulations! You deserve to celebrate! 🎊
658,money,shopping spree,I feel you! Money problems are the worst 😩
320,weather,monsoon vibes,Perfect weather for staying in bed lol
291,food,food cravings hitting hard,How about we order biryani? 😋
33,greeting,hellooo,Hello! How's it going?
344,compliment,looking fabulous,Thank you! You're not so bad yourself 😉
849,sports,who do you support,So exciting! Tell me about it!
873,sports,scored a goal,Let's play! I'm ready! ⚽
646,money,investment tips,I feel you! Money problems are the worst 😩
618,relationship,got into a relationship,Relationships can be tough. Sending you love!
867,sports,marathon training,What a match that was! 🏏
45,greeting,hi dear,Hi! How have you been?
559,travel,road trip,Beach all the way! 🏖️
982,sharing_news,you know what happened,This better be good! What's the news?
544,travel,the trip was amazing,Where are you thinking of going? I'm in! 🌍
681,agreement,100 percent,"Great, glad we're on the same page! 😊"
208,laugh,bruh 😂,😂 it's too good!
78,how_are_you,all well,Can't complain! You?
631,relationship,single now,That's exciting! Tell me everything!
756,help_request,suggest something,I'm all ears! What do you need help with?
214,laugh,im cracking up,😂 it's too good!
231,ask_plans,wyd,I'm free! Want to hang out?
821,photo_selfie,camera roll is full,Show me! I want to see! 📸
218,laugh,lol,Hahaha glad you liked it!
481,music,this beat is sick,I've been listening to some great stuff lately! What genre do you like?
557,travel,packing my bags,Where are you thinking of going? I'm in! 🌍
946,insult_tease,youre annoying,Ouch! That hurts! Just kidding 😂
38,greeting,hiya,Hey! Long time no see!
77,how_are_you,everything alright,Can't complain! You?
1017,late_reply,sorry i missed this,It's all good! I understand!
120,goodbye,until next time,Goodbye! Have a great day!
616,relationship,broke up,Aww I miss you too! ❤️
343,compliment,you're on fire,Aww thank you so much! 😊
744,help_request,could you help,I'm all ears! What do you need help with?
902,birthday_celebration,what gift should i get,Party time! Let's celebrate! 🥳
775,gaming,online aa jao,Let's gooo! I'm in! 🎮
868,sports,football,Sports are the best! Who are you supporting?
925,confusion,that doesnt make sense,I'll break it down for you!
318,weather,monsoon vibes,Yeah it's insane! Stay hydrated! 💧
814,photo_selfie,this photo is amazing,You're so photogenic! 😍
538,travel,where should we go,Beach all the way! 🏖️
970,insult_tease,pagal,"Hey, that's not nice! 😅"
621,relationship,valentines day plans,Aww I miss you too! ❤️
724,disagreement,fake news,Interesting perspective! Tell me more.
738,help_request,can you help me,Sure thing! What's the question?
610,relationship,ilu,That's exciting! Tell me everything!
520,work_study,work from home,"Don't stress too much, it'll work out!"
587,health_fitness,took medicine,Drink lots of water and rest!
581,health_fitness,allergies acting up,Take care of yourself! Health comes first! 🏥
123,goodbye,alright goodnight,Talk to you soon!
83,how_are_you,how is it going,Doing well! How's your day going?
472,music,have you heard this song,That song is a banger! 🔥
417,feeling_happy,grateful,I'm so glad to hear that! 😊
869,sports,practice today,Let's play! I'm ready! ⚽
388,feeling_sad,im exhausted,"I'm sorry you're going through this. It will get better, I promise."
665,money,saving money,Payday can't come soon enough!
68,how_are_you,u good,All good here! What's new with you?
80,how_are_you,how is everything,Doing well! How's your day going?
286,food,chai time,How about we order biryani? 😋
84,how_are_you,what's happening with you,Pretty good! How about you?
326,weather,winter is coming,Ugh tell me about it!
367,feeling_sad,feeling down,"Hey, I'm here for you. Want to talk about it? ❤️"
752,help_request,i have a question,Of course! What do you need? 😊
167,sorry,i apologize,"All good, no need to apologize!"
279,food,lunch plans,I just ate but I could eat again lol
926,confusion,that doesnt make sense,Let me explain it better!
456,movie_show,just finished a series,Have you tried watching that new show everyone's talking about?
2,greeting,hi,Hello! How's it going?
180,sorry,excuse me,"It's okay, don't worry about it!"
677,agreement,definitely,Awesome! 👍
463,movie_show,what are you watching,"Ooh yes! I just watched something great, let me think..."
307,weather,its cold,I know right! The weather is crazy today!
864,sports,going to play,What a match that was! 🏏
471,music,love this song,Share the song! I want to hear it too!
909,confusion,huh,Basically what I meant was...
865,sports,lets play football,Let's play! I'm ready! ⚽
794,gaming,gaming time,Gaming time! What are we playing?
5,greeting,hiii,Hello! Nice to hear from you!
915,confusion,confused,Let me explain it better!
134,thanks,thank you so much,Anytime!
402,feeling_happy,life is good,You deserve it! Congratulations! 🥳
953,insult_tease,nobody cares,"Alright alright, I'll behave! 😇"
978,sharing_news,you wont believe this,OMG what?! Tell me everything! 👀
200,laugh,lolol,😂 it's too good!
675,agreement,sure,"Great, glad we're on the same page! 😊"
929,confusion,what do you mean,Let me explain it better!
403,feeling_happy,everything is perfect,That's wonderful news! Tell me more!
836,photo_selfie,send me a pic,You're so photogenic! 😍
586,health_fitness,feeling dizzy,Take care of yourself! Health comes first! 🏥
950,insult_tease,whatever,"You don't really mean that, do you? 😜"
884,birthday_celebration,congratulations,Happy Birthday! 🎂🎉 Have an amazing day!
311,weather,what's the weather like,Yeah it's insane! Stay hydrated! 💧
186,sorry,that was my fault,"All good, no need to apologize!"
837,photo_selfie,new profile pic,Send it! I'm curious!
13,greeting,hey there,Yo! What's good?
886,birthday_celebration,we should party,Party time! Let's celebrate! 🥳
759,help_request,what do you think,"Sure, I'm happy to help! What's up?"
447,movie_show,i need something to watch,Movie night sounds perfect! 🍿
351,compliment,you're amazing,Aww thank you so much! 😊
572,health_fitness,i have a headache,That's great! Keep it up! 💪
916,confusion,that doesnt make sense,I'll break it down for you!
232,ask_plans,what are your plans,I'm free! Want to hang out?
97,goodbye,i have to go,Talk to you soon!
900,birthday_celebration,what gift should i get,So exciting! Happy celebrations! 🥳
115,goodbye,leaving now,Bye! Take care!
175,sorry,i didn't mean that,Don't worry about it 😊
281,food,did you eat,I just ate but I could eat again lol
498,music,im in a music mood,Share the song! I want to hear it too!
410,feeling_happy,i passed,That's the spirit! Keep shining! ✨
339,compliment,love your style,Thank you! You're not so bad yourself 😉
758,help_request,could you help,Always! Tell me what's going on.
70,how_are_you,are you okay,Pretty good! How about you?
57,how_are_you,how you doing,Doing well! How's your day going?
278,food,want to go out for dinner,Coffee sounds perfect right now ☕
497,music,song recommendations,Let me send you my playlist! You'll love it.
257,ask_plans,any plans,Just binge watching Netflix lol. You?
924,confusion,elaborate please,"My bad, let me rephrase that!"
825,photo_selfie,editing photos,I bet it looks amazing!
508,work_study,boss is annoying,I believe in you! You can do it!
429,feeling_happy,feeling blessed,That's the spirit! Keep shining! ✨
166,sorry,apologies,"All good, no need to apologize!"
466,music,listening to any good music,I've been listening to some great stuff lately! What genre do you like?
673,agreement,yup,Perfect!
329,weather,i love this weather,I love this weather tbh! 😍
537,travel,planning a trip,Traveling is the best! Where to next?
887,birthday_celebration,throwing a party,Let's make it memorable! 🎈
536,travel,vacation mode,Road trip! Let's do it! 🚗
122,goodbye,ok goodnight,Bye! Take care!
459,movie_show,lets watch a movie,I've been binge watching too lol!
158,thanks,appreciate it,You're welcome! 😊
607,relationship,love you,You're so sweet! ❤️
855,sports,sports day,Sports are the best! Who are you supporting?
972,insult_tease,get lost,I'll pretend I didn't see that 😂
236,ask_plans,what u up to,"Nothing much, just chilling at home. You?"
641,money,payday is far,Start saving now! Future you will thank you!
563,travel,i want to travel,Traveling is the best! Where to next?
185,sorry,i feel bad,No problem! It happens.
680,agreement,for sure,Awesome! 👍
861,sports,what a game,Sports are the best! Who are you supporting?
952,insult_tease,who asked,Ouch! That hurts! Just kidding 😂
514,work_study,the presentation went well,I believe in you! You can do it!
127,thanks,thank you,No problem at all!
614,relationship,you're always on my mind,I'm here for you no matter what. ❤️
276,food,lets order food,Coffee sounds perfect right now ☕
272,food,any food recommendations,I'm hungry too! Pizza? 🍕
93,goodbye,catch you later,Bye bye! Take care of yourself!
569,health_fitness,need to lose weight,Take care of yourself! Health comes first! 🏥
31,greeting,hey whatsup,Hello! Nice to hear from you!
24,greeting,morning,Hey! How are you?
620,relationship,crush on someone,Love you more! 😘
361,compliment,you're awesome,"Stop it, you're making me blush!"
921,confusion,i didnt get it,I'll break it down for you!
800,gaming,free fire,Let's gooo! I'm in! 🎮
23,greeting,good morning,Hello! Nice to hear from you!
780,gaming,minecraft,Gaming time! What are we playing?
734,disagreement,fake news,"Alright, I respect your view!"
863,sports,going to play,Let's play! I'm ready! ⚽
562,travel,backpacking sounds fun,Beach all the way! 🏖️
764,help_request,i dont know what to do,"Sure, I'm happy to help! What's up?"
556,travel,where should we go,Traveling is the best! Where to next?
106,goodbye,see you later,Talk to you soon!
633,relationship,love u,I'm here for you no matter what. ❤️
240,ask_plans,you busy,I'm free! Want to hang out?
260,ask_plans,r u free,Just relaxing. What about you?
763,help_request,need your opinion,"Sure, I'm happy to help! What's up?"
151,thanks,thank you very much,You're welcome! 😊
439,movie_show,what are you watching,"Ooh yes! I just watched something great, let me think..."
871,sports,heartbreaking loss,Let's gooo! What a win! 🎉
405,feeling_happy,so excited,That's the spirit! Keep shining! ✨
578,health_fitness,gym motivation,Take care of yourself! Health comes first! 🏥
547,travel,hotel recommendations,Road trip! Let's do it! 🚗
715,disagreement,never,Let's talk about it more!
474,music,im in a music mood,Let me send you my playlist! You'll love it.
701,agreement,no cap,"Great, glad we're on the same page! 😊"
425,feeling_happy,yayyy,That's the spirit! Keep shining! ✨
526,work_study,looking for a new job,That's amazing! Hard work pays off! 🎉
494,music,share your playlist,Music is life! 🎵 What are you in the mood for?
220,laugh,lol,Hahaha glad you liked it!
961,insult_tease,who asked,Ouch! That hurts! Just kidding 😂
663,money,payday is far,Same here! Let's be broke together lol
947,insult_tease,go away,Wow rude! 😤 But okay lol
419,feeling_happy,such a good day,You deserve it! Congratulations! 🥳
283,food,lets cook something,Let's go out to eat! I know a great place.
1006,sharing_news,newsflash,Spill the tea! I'm all ears! ☕
993,sharing_news,breaking news,Spill the tea! I'm all ears! ☕
358,compliment,hottie,That made my day! Thanks! 🥰
378,feeling_sad,feeling lonely,"That sounds really tough. Remember, this too shall pass."
202,laugh,hehehehe,Lol I know right!
505,work_study,assignment due,"Take a break, you deserve it!"
932,confusion,come again,I'll break it down for you!
414,feeling_happy,im thriving,Yay! You deserve all the happiness! ❤️
894,birthday_celebration,congrats,Happy Birthday! 🎂🎉 Have an amazing day!
206,laugh,i cant stop laughing,😂 it's too good!
397,feeling_sad,im stressed out,Sending you a big hug! 🤗 You're stronger than you think.
676,agreement,of course,Exactly! That's what I was thinking!
996,sharing_news,big news,I'm listening! Don't keep me waiting! 😱
364,feeling_sad,im sad,Take a deep breath. I'm here if you need to vent.
440,movie_show,binge watching anything,What genre are you in the mood for? 🎬
917,confusion,elaborate please,"My bad, let me rephrase that!"
436,movie_show,have you seen the new movie,What genre are you in the mood for? 🎬
964,insult_tease,shut up,Ouch! That hurts! Just kidding 😂
672,agreement,yep,Exactly! That's what I was thinking!
256,ask_plans,anything interesting going on,Working on some stuff. What's up?
838,photo_selfie,editing photos,Send it! I'm curious!
779,gaming,gta,Gaming all night let's do it! 🎮🔥
1027,late_reply,phone was on silent,Haha it's fine! We've all been there!
111,goodbye,peace,Bye bye! Take care of yourself!
841,sports,what a game,What a match that was! 🏏
145,thanks,thanks a ton,Glad I could help!
689,agreement,you're right,Awesome! 👍
842,sports,we won,So exciting! Tell me about it!
374,feeling_sad,everything is going wrong,"Hey, I'm here for you. Want to talk about it? ❤️"
246,ask_plans,plans for the weekend,"Not much, pretty free actually!"
810,photo_selfie,new profile pic,You're so photogenic! 😍
287,food,breakfast done,Coffee sounds perfect right now ☕
1018,late_reply,replying late,Haha it's fine! We've all been there!
52,greeting,hello all,Yo! What's good?
17,greeting,hey buddy,Hello! How's it going?
786,gaming,new game released,GG! Well played! 🏆
726,disagreement,fake news,"Alright, I respect your view!"
404,feeling_happy,im on top of the world,That's amazing! So happy for you! 🎉
274,food,pizza or burger,Let's order something! What are you in the mood for?
690,agreement,makes sense,Exactly! That's what I was thinking!
897,birthday_celebration,we should party,Congratulations! You deserve to celebrate! 🎊
737,disagreement,no chance,Let's talk about it more!
623,relationship,crush on someone,Aww I miss you too! ❤️
727,disagreement,i beg to differ,"Alright, I respect your view!"
521,work_study,college is stressful,"Take a break, you deserve it!"
883,birthday_celebration,lets celebrate,Wishing you the best! 🎉❤️
304,weather,nice weather,Yeah it's insane! Stay hydrated! 💧
363,compliment,hottie,Thank you! You're not so bad yourself 😉
1024,late_reply,was away from phone,It's all good! I understand!
219,laugh,that killed me,😂 it's too good!
509,work_study,hate my job,"Work hard now, party later! 😎"
518,work_study,looking for a new job,That's amazing! Hard work pays off! 🎉
857,sports,going to play,That was an insane game!
1000,sharing_news,plot twist,No way! What happened?!
990,sharing_news,you wont believe this,No way! What happened?!
889,birthday_celebration,invited to a party,Party time! Let's celebrate! 🥳
432,movie_show,watched any good movies,I've been binge watching too lol!
896,birthday_celebration,celebration time,Congratulations! You deserve to celebrate! 🎊
613,relationship,thinking about you,Love you more! 😘
382,feeling_sad,feeling anxious,"Hey, I'm here for you. Want to talk about it? ❤️"
1038,late_reply,just read your message,No worries! Better late than never! 😊
121,goodbye,farewell,See you later! 👋
912,confusion,explain,Basically what I meant was...
554,travel,packing my bags,I need a vacation too! Let's plan something!
589,health_fitness,my back hurts,Take care of yourself! Health comes first! 🏥
914,confusion,im lost,"My bad, let me rephrase that!"
267,food,want to eat something,I'm hungry too! Pizza? 🍕
541,travel,beach or mountains,That sounds amazing! Tell me more!
155,thanks,thanks for that,Happy to help!
767,help_request,can you help me,Always! Tell me what's going on.
39,greeting,howdy,Hey hey! How are things?
852,sports,practice today,What a match that was! 🏏
450,movie_show,just finished a series,Movie night sounds perfect! 🍿
954,insult_tease,get lost,"You don't really mean that, do you? 😜"
938,confusion,what,"Sorry, let me clarify!"
103,goodbye,sweet dreams,Talk to you soon!
377,feeling_sad,im so tired of this,I care about you. Let me know how I can help. ❤️
336,compliment,you're handsome,Aww thank you so much! 😊
709,disagreement,i disagree,Let's talk about it more!
911,confusion,i dont understand,"Sorry, let me clarify!"
657,money,expensive af,Payday can't come soon enough!
751,help_request,can i ask you something,Always! Tell me what's going on.
113,goodbye,im out,Talk to you soon!
449,movie_show,popcorn time,Movie night sounds perfect! 🍿
66,how_are_you,everything good,"I'm fine, thanks! And you?"
693,agreement,fr fr,Perfect!
9,greeting,sup,Hello! How's it going?
823,photo_selfie,look at this sunset pic,You're so photogenic! 😍
314,weather,the weather is crazy,Perfect weather for staying in bed lol
323,weather,what's the weather like,Yeah it's insane! Stay hydrated! 💧
882,birthday_celebration,celebration time,Wishing you the best! 🎉❤️
112,goodbye,peace out,Goodbye! Have a great day!
222,laugh,that's funny,Lmaooo I can't either 😂
840,sports,did you watch the match,Let's gooo! What a win! 🎉
553,travel,backpacking sounds fun,Beach all the way! 🏖️
221,laugh,i cant stop laughing,Lmaooo I can't either 😂
454,movie_show,what should i watch,Movie night sounds perfect! 🍿
489,music,love this song,I've been listening to some great stuff lately! What genre do you like?
430,feeling_happy,i am so happy,That's the spirit! Keep shining! ✨
464,movie_show,binge watching anything,Netflix has some amazing new stuff! Let me send you some suggestions.
684,agreement,right,Glad you think so too!
427,feeling_happy,grateful,That's the spirit! Keep shining! ✨
552,travel,where should we go,Traveling is the best! Where to next?
413,feeling_happy,something amazing happened,That's amazing! So happy for you! 🎉
1037,late_reply,was away from phone,No worries! Better late than never! 😊
511,work_study,been working all day,I believe in you! You can do it!
448,movie_show,movie night,Netflix has some amazing new stuff! Let me send you some suggestions.
385,feeling_sad,things are not good,"Hey, I'm here for you. Want to talk about it? ❤️"
1036,late_reply,my bad for replying late,No problem! You're here now!
793,gaming,wanna play,I'm down! Send the invite!
519,work_study,interview tomorrow,"Work hard now, party later! 😎"
550,travel,lets plan a weekend getaway,Beach all the way! 🏖️
204,laugh,thats hilarious,Haha right?!
137,thanks,thanks man,No problem at all!
296,weather,its so hot,The weather has been so unpredictable lately!
797,gaming,esports,GG! Well played! 🏆
282,food,khana kha liya,Let's order something! What are you in the mood for?
854,sports,lets play football,Let's play! I'm ready! ⚽
691,agreement,facts,Exactly! That's what I was thinking!
860,sports,world cup,Let's play! I'm ready! ⚽
702,agreement,yep,Glad you think so too!
778,gaming,valorant,Let's gooo! I'm in! 🎮
1009,sharing_news,newsflash,This better be good! What's the news?
923,confusion,clarify please,Let me explain it better!
523,work_study,skipping class today,"Don't stress too much, it'll work out!"
635,relationship,cant live without you,That's so romantic!
501,work_study,work is killing me,"Work hard now, party later! 😎"
310,weather,its freezing outside,Yeah it's insane! Stay hydrated! 💧
574,health_fitness,got a cold,Take care of yourself! Health comes first! 🏥
1039,late_reply,internet was down,Haha it's fine! We've all been there!
354,compliment,cutie,You're too kind! ❤️
619,relationship,dating someone new,Love you more! 😘
499,music,love this song,That song is a banger! 🔥
452,movie_show,any good shows on netflix,"Ooh yes! I just watched something great, let me think..."
465,movie_show,worst movie ever,What genre are you in the mood for? 🎬
442,movie_show,worst movie ever,What genre are you in the mood for? 🎬
262,food,im hungry,I'm hungry too! Pizza? 🍕
987,sharing_news,wait till you hear this,This better be good! What's the news?
753,help_request,quick question,Sure thing! What's the question?
475,music,put on some music,That song is a banger! 🔥
337,compliment,so pretty,Aww you're so sweet! Thank you!
226,laugh,hahaha,😂 it's too good!
89,goodbye,goodbye,See ya! Stay safe!
199,laugh,😂,😂😂 glad you found that funny!
317,weather,i love this weather,I know right! The weather is crazy today!
790,gaming,minecraft,Let's gooo! I'm in! 🎮
942,insult_tease,youre dumb,"Hey, that's not nice! 😅"
330,compliment,you look great,Thank you! You're not so bad yourself 😉
1,greeting,hey,Hey hey! How are things?
37,greeting,heya,Hi there! What's up?
965,insult_tease,cringe,Ouch! That hurts! Just kidding 😂
539,travel,any travel suggestions,Where are you thinking of going? I'm in! 🌍
543,travel,just came back from a trip,Road trip! Let's do it! 🚗
76,how_are_you,u alright,Can't complain! You?
159,thanks,thanks,Anytime!
700,agreement,same,Perfect!
848,sports,world cup,So exciting! Tell me about it!
940,confusion,what are you talking about,I'll break it down for you!
986,sharing_news,crazy story,OMG what?! Tell me everything! 👀
1002,sharing_news,plot twist,You've got my full attention! Tell me!
551,travel,backpacking sounds fun,Where are you thinking of going? I'm in! 🌍
750,help_request,assist me,Ask away! I'll do my best to help.
788,gaming,gaming all night,Gaming time! What are we playing?
749,help_request,guide me,Ask away! I'll do my best to help.
395,feeling_sad,feeling low,"That sounds really tough. Remember, this too shall pass."
124,goodbye,sleep well,Talk to you soon!
595,health_fitness,allergies acting up,Proud of you for staying healthy!
146,thanks,thanks a bunch,Glad I could help!
54,how_are_you,how are you,Pretty good! How about you?
352,compliment,such a good person,That made my day! Thanks! 🥰
467,music,song recommendations,I've been listening to some great stuff lately! What genre do you like?
496,music,song recommendations,Let me send you my playlist! You'll love it.
625,relationship,you mean the world to me,Relationships can be tough. Sending you love!
967,insult_tease,weirdo,"Alright alright, I'll behave! 😇"
679,agreement,totally,Perfect!
101,goodbye,night,See you later! 👋
392,feeling_sad,worst day ever,I care about you. Let me know how I can help. ❤️
995,sharing_news,major announcement,Spill the tea! I'm all ears! ☕
969,insult_tease,i dont care,"You don't really mean that, do you? 😜"
198,laugh,rofl,Hahaha glad you liked it!
153,thanks,grateful,Don't mention it!
161,sorry,im sorry,No problem! It happens.
265,food,starving,I'm hungry too! Pizza? 🍕
591,health_fitness,i have a headache,Don't push yourself too hard. Rest is important too!
341,compliment,you look stunning,That made my day! Thanks! 🥰
904,birthday_celebration,birthday plans,Let's make it memorable! 🎈
875,birthday_celebration,its my birthday,Wishing you the best! 🎉❤️
728,disagreement,i dont think so,"Hmm okay, let's agree to disagree then! 😅"
14,greeting,hi there,Hello! How's it going?
760,help_request,i need help,Always! Tell me what's going on.
561,travel,road trip,Where are you thinking of going? I'm in! 🌍
826,photo_selfie,selfie time,Love a good photo! Share it!
201,laugh,hehe,Haha right?!
991,sharing_news,omg listen to this,OMG what?! Tell me everything! 👀
25,greeting,gm,Hi there! What's up?
573,health_fitness,not feeling well,Drink lots of water and rest!
468,music,suggest a song,Share the song! I want to hear it too!
703,agreement,same,Right?! I knew you'd agree!
40,greeting,greetings,Hey hey! How are things?
369,feeling_sad,having a bad day,"I'm sorry you're going through this. It will get better, I promise."
433,movie_show,any movie recommendations,"Ooh yes! I just watched something great, let me think..."
804,gaming,what games do you play,Gaming time! What are we playing?
604,relationship,wish you were here,That's exciting! Tell me everything!
879,birthday_celebration,birthday tomorrow,Congratulations! You deserve to celebrate! 🎊
858,sports,lets play football,Let's gooo! What a win! 🎉
426,feeling_happy,everything is perfect,That's wonderful news! Tell me more!
3,greeting,hello,Hello! How's it going?
28,greeting,hey how are you,Hey! How are you?
661,money,no money,Money comes and goes. Don't stress too much!
355,compliment,killing it,Thank you! You're not so bad yourself 😉
835,photo_selfie,insta worthy,I bet it looks amazing!
495,music,have you heard this song,Share the song! I want to hear it too!
1030,late_reply,replying late,No problem! You're here now!
79,how_are_you,how do you do,Doing well! How's your day going?
376,feeling_sad,nothing is working out,I care about you. Let me know how I can help. ❤️
798,gaming,wanna play,Gaming all night let's do it! 🎮🔥
189,sorry,i am sorry,No stress! Everything's cool.
191,sorry,please forgive me,No problem! It happens.
648,money,lend me some money,Same here! Let's be broke together lol
302,weather,heavy rain,I know right! The weather is crazy today!
398,feeling_happy,im so happy,Yay! You deserve all the happiness! ❤️
242,ask_plans,are you free,"Nothing much, just chilling at home. You?"
933,confusion,i dont understand,Okay so here's the thing...
564,travel,packing my bags,Beach all the way! 🏖️
179,sorry,sorry to bother you,"It's okay, don't worry about it!"
110,goodbye,cya,Goodbye! Have a great day!
259,ask_plans,doing anything today,Working on some stuff. What's up?
207,laugh,dead 💀,Haha right?!
1028,late_reply,just saw this,No worries! Better late than never! 😊
877,birthday_celebration,birthday plans,Wishing you the best! 🎉❤️
811,photo_selfie,insta worthy,You're so photogenic! 😍
710,disagreement,thats not right,"Alright, I respect your view!"
629,relationship,ilu,You're so sweet! ❤️
492,music,this song is fire,I've been listening to some great stuff lately! What genre do you like?
249,ask_plans,what's the plan,I'm free! Want to hang out?
233,ask_plans,any plans,Just binge watching Netflix lol. You?
209,laugh,you're so funny,Lol I know right!
973,insult_tease,thats cringe,"You don't really mean that, do you? 😜"
297,weather,its too hot,Yeah it's insane! Stay hydrated! 💧
1026,late_reply,internet was down,All good! Life happens!
612,relationship,cant live without you,That's exciting! Tell me everything!
437,movie_show,lets watch a movie,Netflix has some amazing new stuff! Let me send you some suggestions.
899,birthday_celebration,invited to a party,Let's make it memorable! 🎈
109,goodbye,alright bye,Bye! Take care!
674,agreement,ya,Perfect!
58,how_are_you,how are things,"I'm fine, thanks! And you?"
22,greeting,hey dude,Hello! How's it going?
568,health_fitness,started going to the gym,Drink lots of water and rest!
493,music,this song is fire,That song is a banger! 🔥
603,relationship,missing you,Love you more! 😘
659,money,budget tight,I feel you! Money problems are the worst 😩
72,how_are_you,how are you doing today,"I'm fine, thanks! And you?"
1022,late_reply,sorry for the late reply,All good! Life happens!
211,laugh,too funny,Lol I know right!
455,movie_show,just finished a series,"Ooh yes! I just watched something great, let me think..."
504,work_study,exams coming,"Work hard now, party later! 😎"
491,music,put on some music,That song is a banger! 🔥
846,sports,basketball,Let's gooo! What a win! 🎉
770,help_request,need your opinion,Sure thing! What's the question?
976,sharing_news,did you hear,You've got my full attention! Tell me!
885,birthday_celebration,congrats,Happy Birthday! 🎂🎉 Have an amazing day!
149,thanks,you're the best,No problem at all!
301,weather,its pouring,I love this weather tbh! 😍
239,ask_plans,r u busy,Just binge watching Netflix lol. You?
300,weather,its raining,Ugh tell me about it!
963,insult_tease,idiot,Ouch! That hurts! Just kidding 😂
817,photo_selfie,group photo,I bet it looks amazing!
247,ask_plans,what are you doing this weekend,Just relaxing. What about you?
126,thanks,thanks,You're welcome! 😊
1019,late_reply,was away from phone,No problem! You're here now!
782,gaming,im gaming right now,Nice! What game?
319,weather,winter is coming,Ugh tell me about it!
985,sharing_news,so this happened,OMG what?! Tell me everything! 👀
809,photo_selfie,check out this pic,I bet it looks amazing!
1031,late_reply,sorry i missed this,Haha it's fine! We've all been there!
636,money,im broke,Money comes and goes. Don't stress too much!
203,laugh,that's funny,😂😂 glad you found that funny!
931,confusion,what do you mean,I'll break it down for you!
723,disagreement,lies,Let's talk about it more!
524,work_study,meeting in 5 minutes,That's amazing! Hard work pays off! 🎉
850,sports,best player ever,What a match that was! 🏏
736,disagreement,fake news,"Hmm okay, let's agree to disagree then! 😅"
892,birthday_celebration,birthday tomorrow,Party time! Let's celebrate! 🥳
667,money,why is everything so expensive,I feel you! Money problems are the worst 😩
353,compliment,you have a great smile,Aww you're so sweet! Thank you!
138,thanks,thanks dear,Don't mention it!
230,ask_plans,whatcha doing,"Not much, pretty free actually!"
637,money,i am broke,Same here! Let's be broke together lol
59,how_are_you,hows it going,Can't complain! You?
714,disagreement,absolutely not,Interesting perspective! Tell me more.
47,greeting,hey sweetie,Hey! How are you?
812,photo_selfie,photoshoot,I bet it looks amazing!
183,sorry,sorry for late reply,No worries at all!
717,disagreement,no chance,"Hmm okay, let's agree to disagree then! 😅"
949,insult_tease,youre boring,Wow rude! 😤 But okay lol
118,goodbye,talk later,Goodbye! Have a great day!
787,gaming,should i buy this game,Gaming all night let's do it! 🎮🔥
818,photo_selfie,filter or no filter,Show me! I want to see! 📸
918,confusion,wdym,Let me explain it better!
368,feeling_sad,not feeling great,"I'm sorry you're going through this. It will get better, I promise."
525,work_study,deadline approaching,"Don't stress too much, it'll work out!"
292,food,what did you have for lunch,Coffee sounds perfect right now ☕
580,health_fitness,stomach ache,Hope you feel better soon! 🤗
992,sharing_news,wait till you hear this,You've got my full attention! Tell me!
856,sports,marathon training,Let's gooo! What a win! 🎉
801,gaming,im gaming right now,I'm down! Send the invite!
576,health_fitness,started a diet,Drink lots of water and rest!
181,sorry,pardon me,No stress! Everything's cool.
135,thanks,thanks buddy,No problem at all!
597,health_fitness,need more sleep,Don't push yourself too hard. Rest is important too!
95,goodbye,ttyl,Talk to you soon!
418,feeling_happy,such a good day,That's amazing! So happy for you! 🎉
309,weather,freezing,Yeah it's insane! Stay hydrated! 💧
49,greeting,salam,Hi there! What's up?
102,goodbye,nighty night,Goodbye! Have a great day!
936,confusion,what,"My bad, let me rephrase that!"
566,travel,where should we go,Beach all the way! 🏖️
380,feeling_sad,i feel empty,"Hey, I'm here for you. Want to talk about it? ❤️"
193,sorry,sorry man,No worries at all!
735,disagreement,thats cap,"Fair enough, everyone has their opinion!"
771,help_request,what do you think,Of course! What do you need? 😊
420,feeling_happy,i am so happy,You deserve it! Congratulations! 🥳
725,disagreement,wrong,Really? Why do you think so?
228,ask_plans,what are you doing,Just relaxing. What about you?
229,ask_plans,what r u doing,I'm free! Want to hang out?
75,how_are_you,you alright,Can't complain! You?
783,gaming,just won a match,Gaming time! What are we playing?
18,greeting,hi bro,Hey hey! How are things?
577,health_fitness,yoga is amazing,Hope you feel better soon! 🤗
806,photo_selfie,send me a pic,Love a good photo! Share it!
943,insult_tease,idiot,Ouch! That hurts! Just kidding 😂
371,feeling_sad,feeling depressed,"I'm sorry you're going through this. It will get better, I promise."
238,ask_plans,are you busy,"Not much, pretty free actually!"
692,agreement,no cap,Awesome! 👍
645,money,saving money,Start saving now! Future you will thank you!
593,health_fitness,started a diet,Don't push yourself too hard. Rest is important too!
548,travel,traveling tomorrow,Beach all the way! 🏖️
545,travel,packing my bags,Road trip! Let's do it! 🚗
476,music,whats your favorite song,Let me send you my playlist! You'll love it.
4,greeting,hii,Hello! How's it going?
874,birthday_celebration,happy birthday,Party time! Let's celebrate! 🥳
290,food,i could really eat right now,I just ate but I could eat again lol
154,thanks,i am grateful,Don't mention it!
225,laugh,thats hilarious,😂😂 glad you found that funny!
12,greeting,whats up,Hi there! What's up?
284,food,i want ice cream,Let's grab some food! Any preferences?
44,greeting,hey babe,Hey hey! How are things?
384,feeling_sad,had a terrible day,Take a deep breath. I'm here if you need to vent.
53,greeting,good day,Yo! What's good?
1015,late_reply,didnt see the notification,Haha it's fine! We've all been there!
435,movie_show,what should i watch,Have you tried watching that new show everyone's talking about?
478,music,this playlist is amazing,Share the song! I want to hear it too!
250,ask_plans,whats the plan,"Just finishing up some work. Why, what's up?"
893,birthday_celebration,birthday tomorrow,Happy Birthday! 🎂🎉 Have an amazing day!
107,goodbye,see you soon,Bye! Take care!
205,laugh,im dying,😂😂 glad you found that funny!
959,insult_tease,who asked,"Hey, that's not nice! 😅"
820,photo_selfie,look at this sunset pic,You're so photogenic! 😍
866,sports,football,That was an insane game!
1023,late_reply,just saw this,No problem! You're here now!
8,greeting,yo,Hi there! What's up?
237,ask_plans,doing anything today,I'm free! Want to hang out?
579,health_fitness,i need to exercise,Hope you feel better soon! 🤗
67,how_are_you,you good,Can't complain! You?
515,work_study,failed the test,That's amazing! Hard work pays off! 🎉
785,gaming,rage quit,Let's gooo! I'm in! 🎮
381,feeling_sad,im not okay,"That sounds really tough. Remember, this too shall pass."
486,music,any new albums,I've been listening to some great stuff lately! What genre do you like?
434,movie_show,suggest a movie,Movie night sounds perfect! 🍿
157,thanks,thanks for helping,You're welcome! Let me know if you need anything else.
90,goodbye,see you,Good night! Sleep well! 😊
754,help_request,need your opinion,Ask away! I'll do my best to help.
529,work_study,so much homework,"Don't stress too much, it'll work out!"
375,feeling_sad,life sucks,"I'm sorry you're going through this. It will get better, I promise."
409,feeling_happy,i got the job,That's the spirit! Keep shining! ✨
217,laugh,rofl,Haha right?!
1007,sharing_news,breaking news,You've got my full attention! Tell me!
55,how_are_you,how r u,"I'm doing great, thanks for asking! What about you?"
74,how_are_you,how's everything,Pretty good! How about you?
803,gaming,pubg,I'm down! Send the invite!
975,insult_tease,youre annoying,"Alright alright, I'll behave! 😇"
87,how_are_you,how's it going,Pretty good! How about you?
888,birthday_celebration,invited to a party,So exciting! Happy celebrations! 🥳
719,disagreement,i beg to differ,Interesting perspective! Tell me more.
473,music,music suggestions please,Music is life! 🎵 What are you in the mood for?
1008,sharing_news,big news,You've got my full attention! Tell me!
802,gaming,just won a match,Nice! What game?
845,sports,football,Let's gooo! What a win! 🎉
1035,late_reply,internet was down,No problem! You're here now!
1011,late_reply,just saw this,All good! Life happens!
670,agreement,yes,Perfect!
822,photo_selfie,new profile pic,Show me! I want to see! 📸
599,health_fitness,gym motivation,Proud of you for staying healthy!
830,photo_selfie,editing photos,I bet it looks amazing!
480,music,i cant stop listening to this,Music is life! 🎵 What are you in the mood for?
773,gaming,lets play,Gaming time! What are we playing?
768,help_request,need your opinion,Always! Tell me what's going on.
408,feeling_happy,yesss,Yay! You deserve all the happiness! ❤️
622,relationship,anniversary coming up,That's exciting! Tell me everything!
143,thanks,thanks for helping,Happy to help!
517,work_study,got promoted,"Don't stress too much, it'll work out!"
981,sharing_news,omg listen to this,OMG what?! Tell me everything! 👀
570,health_fitness,went for a run,Proud of you for staying healthy!
82,how_are_you,sab theek,Doing well! How's your day going?
27,greeting,good evening,Hey! Long time no see!
331,compliment,you look amazing,You're too kind! ❤️
910,confusion,what do you mean,Okay so here's the thing...
342,compliment,killing it,Aww thank you so much! 😊
705,disagreement,nah,Really? Why do you think so?
30,greeting,hello how r u,Hello! How's it going?
48,greeting,namaste,Yo! What's good?
139,thanks,much appreciated,Glad I could help!
349,compliment,you're the best,Aww thank you so much! 😊
592,health_fitness,yoga is amazing,Hope you feel better soon! 🤗
268,food,lets eat,Let's grab some food! Any preferences?
642,money,spent too much,Payday can't come soon enough!
479,music,share your playlist,Let me send you my playlist! You'll love it.
583,health_fitness,been drinking more water,That's great! Keep it up! 💪
21,greeting,hi man,Yo! What's good?
81,how_are_you,life kaisi chal rahi hai,"I'm doing great, thanks for asking! What about you?"
114,goodbye,heading out,See ya! Stay safe!
1043,late_reply,was busy,Haha it's fine! We've all been there!
443,movie_show,have you watched this show,"Ooh yes! I just watched something great, let me think..."
730,disagreement,lies,"Hmm okay, let's agree to disagree then! 😅"
362,compliment,you're gorgeous,Thank you! You're not so bad yourself 😉
530,work_study,work is killing me,"Work hard now, party later! 😎"
406,feeling_happy,cant contain my excitement,You deserve it! Congratulations! 🥳
258,ask_plans,anything interesting going on,"Nothing much, just chilling at home. You?"
507,work_study,project submission tomorrow,I believe in you! You can do it!
43,greeting,what's good,Hey! How are you?
664,money,lend me some money,Same here! Let's be broke together lol
26,greeting,good afternoon,Hello! How's it going?
791,gaming,lets play,Let's gooo! I'm in! 🎮
687,agreement,thats true,Awesome! 👍
131,thanks,thank u,Happy to help!
605,relationship,come visit me,Aww I miss you too! ❤️
458,movie_show,movie night,Have you tried watching that new show everyone's talking about?
650,money,rent is due,I feel you! Money problems are the worst 😩
928,confusion,come again,Basically what I meant was...
772,gaming,wanna play,Let's gooo! I'm in! 🎮
609,relationship,luv u,That's exciting! Tell me everything!
960,insult_tease,pagal,"Hey, that's not nice! 😅"
213,laugh,hahahahahaha,Lol I know right!
813,photo_selfie,camera roll is full,Send it! I'm curious!
558,travel,lets plan a weekend getaway,Road trip! Let's do it! 🚗
275,food,im craving biryani,Let's grab some food! Any preferences?
73,how_are_you,whats going on with you,All good here! What's new with you?
859,sports,lets play football,Let's gooo! What a win! 🎉
828,photo_selfie,insta worthy,You're so photogenic! 😍
651,money,expensive af,Time to start budgeting! 💰
1016,late_reply,just read your message,No worries! Better late than never! 😊
984,sharing_news,update,Spill the tea! I'm all ears! ☕
881,birthday_celebration,party tonight,Party time! Let's celebrate! 🥳
528,work_study,have to study,That sounds tough. Need any help?
643,money,shopping spree,Same here! Let's be broke together lol
50,greeting,hey guys,Hi! How have you been?
71,how_are_you,r u ok,"I'm fine, thanks! And you?"
831,photo_selfie,look at this sunset pic,Send it! I'm curious!
745,help_request,need your advice,Sure thing! What's the question?
20,greeting,hey man,Yo! What's good?
601,health_fitness,need to eat healthy,That's great! Keep it up! 💪
129,thanks,thnx,Happy to help!
128,thanks,thx,Anytime!
482,music,i cant stop listening to this,That song is a banger! 🔥
712,disagreement,youre wrong,"Fair enough, everyone has their opinion!"
234,ask_plans,any plans today,I'm free! Want to hang out?
567,travel,just came back from a trip,Beach all the way! 🏖️
379,feeling_sad,nobody cares,I care about you. Let me know how I can help. ❤️
789,gaming,esports,Nice! What game?
178,sorry,sorry for the trouble,No worries at all!
253,ask_plans,r u free,Just binge watching Netflix lol. You?
188,sorry,i didn't mean that,"It's okay, don't worry about it!"
611,relationship,you mean the world to me,I'm here for you no matter what. ❤️
490,music,suggest a song,Share the song! I want to hear it too!
35,greeting,ayo,Hey! Long time no see!
99,goodbye,good night,Good night! Sleep well! 😊
1034,late_reply,was away from phone,It's all good! I understand!
197,laugh,lmao,😂😂 glad you found that funny!
6,greeting,heyy,Hey! How are you?
16,greeting,hola,Hey! Long time no see!
957,insult_tease,cringe,Ouch! That hurts! Just kidding 😂
347,compliment,cutie,That made my day! Thanks! 🥰
488,music,this song is fire,Let me send you my playlist! You'll love it.
1013,late_reply,was busy,Haha it's fine! We've all been there!
165,sorry,my mistake,"It's okay, don't worry about it!"
506,work_study,so much homework,"Don't stress too much, it'll work out!"
1020,late_reply,internet was down,Haha it's fine! We've all been there!
96,goodbye,gotta go,Bye bye! Take care of yourself!
999,sharing_news,major announcement,OMG what?! Tell me everything! 👀
731,disagreement,i disagree,"Hmm okay, let's agree to disagree then! 😅"
606,relationship,i love you,That's exciting! Tell me everything!
119,goodbye,catch ya,Bye! Take care!
273,food,suggest something to eat,I'm hungry too! Pizza? 🍕
747,help_request,im confused,Ask away! I'll do my best to help.
1040,late_reply,didnt see the notification,No problem! You're here now!
941,confusion,come again,Basically what I meant was...
819,photo_selfie,editing photos,I bet it looks amazing!
908,confusion,what,Basically what I meant was...
832,photo_selfie,send me a pic,Send it! I'm curious!
956,insult_tease,weirdo,Wow rude! 😤 But okay lol
594,health_fitness,stomach ache,Drink lots of water and rest!
907,birthday_celebration,birthday plans,Wishing you the best! 🎉❤️
516,work_study,passed the exam,That sounds tough. Need any help?
626,relationship,single now,You're so sweet! ❤️
827,photo_selfie,say cheese,Post it! The world needs to see! 🔥
170,sorry,sorry bro,No worries at all!
345,compliment,what a look,That made my day! Thanks! 🥰
655,money,expensive af,Start saving now! Future you will thank you!
774,gaming,gaming time,Gaming all night let's do it! 🎮🔥
69,how_are_you,all good,All good here! What's new with you?
872,sports,best player ever,What a match that was! 🏏
708,disagreement,i dont think so,"Alright, I respect your view!"
441,movie_show,that movie was amazing,What genre are you in the mood for? 🎬
962,insult_tease,leave me alone,Wow rude! 😤 But okay lol
164,sorry,my bad,Don't worry about it 😊
248,ask_plans,doing anything fun,I'm free! Want to hang out?